{"1": {"Battery": [0.14515794077139146, 0.0881495221269505, 0.06434897584203794, 0.04864777288799877, 0.018941651949736172, 9.997559729635341e-06, -9.57546375524032e-10, -0.0027426359830518, -0.02034301094595825, -0.027442831080286112, -0.04334286812436794, -0.026442856905548817, 0.01825710365007105, 0.10205710056660733, -0.2999999999649575, -0.22532250366863926, -0.16562251991753468, -0.14162246134158266, -0.1674225187455187, 0.2502690086291909, 0.1770689952217726, 0.10006902030990056, 0.048469001558485214]}}{"1": {"Battery": [0.13475414831546015, 0.14515794077139146, 0.0881495221269505, 0.06434897584203794, 0.04864777288799877, 0.018941651949736172, 9.997559729635341e-06, -9.57546375524032e-10, -0.0027426359830518, -0.02034301094595825, -0.027442831080286112, -0.04334286812436794, -0.026442856905548817, 0.01825710365007105, 0.10205710056660733, -0.2999999999649575, -0.22532250366863926, -0.16562251991753468, -0.14162246134158266, -0.1674225187455187, 0.2502690086291909, 0.1770689952217726, 0.10006902030990056, 0.048469001558485214, 0.0]}}
